timestamp,project_name,run_id,experiment_id,duration,emissions,emissions_rate,cpu_power,gpu_power,ram_power,cpu_energy,gpu_energy,ram_energy,energy_consumed,water_consumed,country_name,country_iso_code,region,os,python_version,codecarbon_version,cpu_count,cpu_model,gpu_count,gpu_model,longitude,latitude,ram_total_size,tracking_mode,cpu_utilization_percent,gpu_utilization_percent,ram_utilization_percent,ram_used_gb,on_cloud,pue,wue,cloud_provider,cloud_region
2026-01-19T15:13:15,fashion-mnist-etl,79caf180-b015-4e42-9fe6-57e1775060df,5b0fa12a-3dd7-45bb-9766-cc326314d9f1,9.475136900000509,7.833916190167827e-05,8.267865966313804e-06,42.5,18.25019758450502,10.0,0.0001113991075693,4.435420215000152e-05,2.619087527778498e-05,0.0001819441849971,0.0,South Korea,KOR,seoul,Windows-11-10.0.26100-SP0,3.13.9,3.2.1,12,12th Gen Intel(R) Core(TM) i5-12450HX,1.0,1 x NVIDIA GeForce RTX 4060 Laptop GPU,126.8605,37.5392,15.714714050292969,machine,0.0,39.55555555555556,77.57777777777778,12.19089847140842,N,1.0,0.0,,
2026-01-19T15:20:26,fashion-mnist-etl,c113d35d-b4a0-455a-9c74-90d9f52fff20,5b0fa12a-3dd7-45bb-9766-cc326314d9f1,6.463030899998557,6.488498744508376e-05,1.0039405419692213e-05,42.5,31.46586920096153,10.0,7.627545715280981e-05,5.6475045179998906e-05,1.7946108055548393e-05,0.0001506966103883,0.0,South Korea,KOR,seoul,Windows-11-10.0.26100-SP0,3.13.9,3.2.1,12,12th Gen Intel(R) Core(TM) i5-12450HX,1.0,1 x NVIDIA GeForce RTX 4060 Laptop GPU,126.8605,37.5392,15.714714050292969,machine,0.0,16.5,76.8,12.070013046264648,N,1.0,0.0,,
2026-01-19T15:21:19,fashion-mnist-etl,4ceb8ba2-952b-4336-877f-af1291d581f5,5b0fa12a-3dd7-45bb-9766-cc326314d9f1,7.773613600002136,6.089411838209573e-05,7.833437769801035e-06,42.5,13.023360105287642,10.0,9.173580847225114e-05,2.8112522490002928e-05,2.1579410555548547e-05,0.0001414277415178,0.0,South Korea,KOR,seoul,Windows-11-10.0.26100-SP0,3.13.9,3.2.1,12,12th Gen Intel(R) Core(TM) i5-12450HX,1.0,1 x NVIDIA GeForce RTX 4060 Laptop GPU,126.8605,37.5392,15.714714050292969,machine,0.0,12.714285714285714,76.6,12.041192735944476,N,1.0,0.0,,
2026-01-19T14:47:59,fashion-mnist-etl,38e9bef7-5be2-4e31-8cb6-153898f82c34,5b0fa12a-3dd7-45bb-9766-cc326314d9f1,7.536597260000008,4.732188052793062e-05,6.278945112151392e-06,42.5,0.0,10.0,8.897251644930689e-05,0.0,2.0933445986111107e-05,0.0001099059624354,0.0,South Korea,KOR,seoul,Linux-6.6.87.1-microsoft-standard-WSL2-x86_64-with-glibc2.41,3.9.25,3.2.1,12,12th Gen Intel(R) Core(TM) i5-12450HX,,,126.8605,37.5392,7.612522125244141,machine,5.771428571428571,0.0,17.27142857142857,1.3163255964006697,N,1.0,0.0,,
2026-01-19T14:49:31,fashion-mnist-etl,2cd23a91-83cf-4576-ab9b-f59502edc8a8,5b0fa12a-3dd7-45bb-9766-cc326314d9f1,7.097465943000088,4.456411617152424e-05,6.2788770709743e-06,42.5,0.0,10.0,8.378771703750027e-05,0.0,1.971328552777815e-05,0.0001035010025652,0.0,South Korea,KOR,seoul,Linux-6.6.87.1-microsoft-standard-WSL2-x86_64-with-glibc2.41,3.9.25,3.2.1,12,12th Gen Intel(R) Core(TM) i5-12450HX,,,126.8605,37.5392,7.612522125244141,machine,5.1000000000000005,0.0,17.557142857142857,1.3371952601841517,N,1.0,0.0,,
2026-01-19T14:53:52,fashion-mnist-etl,01d40172-6661-4f62-9e02-e1da37f2bce4,5b0fa12a-3dd7-45bb-9766-cc326314d9f1,8.056293901000117,5.058500848466479e-05,6.2789427876241096e-06,42.5,0.0,10.0,9.510786461597228e-05,0.0,2.237677420833329e-05,0.0001174846388243,0.0,South Korea,KOR,seoul,Linux-6.6.87.1-microsoft-standard-WSL2-x86_64-with-glibc2.41,3.9.25,3.2.1,12,12th Gen Intel(R) Core(TM) i5-12450HX,,,126.8605,37.5392,7.612522125244141,machine,4.9625,0.0,17.45,1.3276190757751465,N,1.0,0.0,,
2026-01-19T15:01:17,fashion-mnist-etl,9e0cdec2-f10b-4350-8b32-014eda533487,5b0fa12a-3dd7-45bb-9766-cc326314d9f1,7.174110778999875,6.119157569200052e-05,8.5294996936932e-06,42.5,18.83344698838842,10.0,8.467357538541448e-05,3.752280779600187e-05,1.992220856388813e-05,0.0001421185917453,0.0,South Korea,KOR,seoul,Linux-6.6.87.1-microsoft-standard-WSL2-x86_64-with-glibc2.41,3.9.25,3.2.1,12,12th Gen Intel(R) Core(TM) i5-12450HX,1.0,1 x NVIDIA GeForce RTX 4060 Laptop GPU,126.8605,37.5392,7.612522125244141,machine,4.6,3.857142857142857,17.985714285714288,1.3688577924455916,N,1.0,0.0,,
2026-02-22T00:58:36,fashion-mnist-etl,3d67fcba-67d0-418a-9341-eb1750139259,5b0fa12a-3dd7-45bb-9766-cc326314d9f1,6.692344000010053,4.675449718595782e-05,6.986266274699506e-06,42.5,13.570848678911265,10.0,7.89452528472187e-05,2.521252017001485e-05,1.8573549166669384e-05,0.0001227313221839,0.0,Germany,DEU,schleswig-holstein,Windows-11-10.0.26200-SP0,3.13.12,3.2.2,12,12th Gen Intel(R) Core(TM) i5-12450HX,1.0,1 x NVIDIA GeForce RTX 4060 Laptop GPU,10.1203,54.3483,15.714714050292969,machine,4.166666666666667,37.0,82.60000000000001,12.979509353637695,N,1.0,0.0,,
2026-02-22T01:01:29,fashion-mnist-etl,36c9a7a5-d1de-4013-9ed3-25ffaaab80d1,5b0fa12a-3dd7-45bb-9766-cc326314d9f1,24.98477880000428,0.0001661629865266,6.650568646485647e-06,42.5,10.580044747706154,10.0,0.0002948490176388,7.19583908999899e-05,6.9373157222233e-05,0.000436180565761,0.0,Germany,DEU,schleswig-holstein,Windows-11-10.0.26200-SP0,3.13.12,3.2.2,12,12th Gen Intel(R) Core(TM) i5-12450HX,1.0,1 x NVIDIA GeForce RTX 4060 Laptop GPU,10.1203,54.3483,15.714714050292969,machine,0.0,33.75,82.2625,12.925912062327066,N,1.0,0.0,,
2026-02-22T01:01:44,fashion-mnist-etl,f0c2067b-8d66-4e96-a425-679864140d92,5b0fa12a-3dd7-45bb-9766-cc326314d9f1,7.20638489999692,4.918776613008135e-05,6.825581316105163e-06,42.5,12.034363517394674,10.0,8.503336131952893e-05,2.40797414859939e-05,2.000559027777248e-05,0.0001291186930832,0.0,Germany,DEU,schleswig-holstein,Windows-11-10.0.26200-SP0,3.13.12,3.2.2,12,12th Gen Intel(R) Core(TM) i5-12450HX,1.0,1 x NVIDIA GeForce RTX 4060 Laptop GPU,10.1203,54.3483,15.714714050292969,machine,0.0,31.0,82.12857142857142,12.903467995779854,N,1.0,0.0,,
2026-02-28T07:24:07,fashion-mnist-etl,a95ff04a-0374-49f8-8a3d-44e5e8534401,5b0fa12a-3dd7-45bb-9766-cc326314d9f1,14.301118500065058,1.0467280625322986e-06,7.31920417642534e-08,42.5,14.434732661371791,10.0,0.0001687981861814,5.733087919790325e-05,3.971642111137044e-05,0.0002658454864906,0.0,Canada,CAN,quebec,Windows-11-10.0.26200-SP0,3.13.12,3.2.2,12,12th Gen Intel(R) Core(TM) i5-12450HX,1.0,1 x NVIDIA GeForce RTX 4060 Laptop GPU,-71.2,46.8,15.714714050292969,machine,16.514285714285712,0.5,90.23571428571428,14.181373051234656,N,1.0,0.0,,
2026-02-28T07:38:55,fashion-mnist-etl,e5ce3a90-3650-4936-a212-d8eac671f30a,5b0fa12a-3dd7-45bb-9766-cc326314d9f1,13.45218829996884,0.0001101657352157,8.189428571709438e-06,42.5,15.982248197278778,10.0,0.0001587880336804,5.97128255480639e-05,3.736114416646564e-05,0.000255862003395,0.0,South Korea,KOR,seoul,Windows-11-10.0.26200-SP0,3.13.12,3.2.2,12,12th Gen Intel(R) Core(TM) i5-12450HX,1.0,1 x NVIDIA GeForce RTX 4060 Laptop GPU,126.978,37.5658,15.714714050292969,machine,7.6923076923076925,1.3846153846153846,90.3076923076923,14.19546655508188,N,1.0,0.0,,
2026-02-28T07:41:00,fashion-mnist-etl,80faf6de-266f-4154-a525-8d262363ee42,5b0fa12a-3dd7-45bb-9766-cc326314d9f1,20.57552439998836,0.0001660355656527,8.069566657209992e-06,42.5,13.932753392159595,10.0,0.0002427791922918,8.571979079796677e-05,5.712175805561451e-05,0.0003856207411454,0.0,South Korea,KOR,seoul,Windows-11-10.0.26200-SP0,3.13.12,3.2.2,12,12th Gen Intel(R) Core(TM) i5-12450HX,1.0,1 x NVIDIA GeForce RTX 4060 Laptop GPU,126.978,37.5658,15.714714050292969,machine,7.725,9.65,91.14,14.324290657043456,N,1.0,0.0,,
2026-02-28T08:06:05,fashion-mnist-etl,5d7c050f-8836-4ba0-975f-d57258cc55ff,5b0fa12a-3dd7-45bb-9766-cc326314d9f1,10.947314699995331,9.06703530636046e-05,8.28242866386615e-06,42.5,16.80366760656929,10.0,0.0001291397243752,5.1059485292048734e-05,3.038439999994201e-05,0.0002105836096672,0.0,South Korea,KOR,seoul,Windows-11-10.0.26200-SP0,3.13.12,3.2.2,12,12th Gen Intel(R) Core(TM) i5-12450HX,1.0,1 x NVIDIA GeForce RTX 4060 Laptop GPU,126.978,37.5658,15.714714050292969,machine,7.5,8.9,87.35,13.72633171081543,N,1.0,0.0,,
2026-02-28T08:10:06,fashion-mnist-etl,c5242b2a-d0a9-421c-b178-8b1c9a8ccecf,5b0fa12a-3dd7-45bb-9766-cc326314d9f1,10.49259339994751,8.742282339341796e-05,8.331860395338992e-06,42.5,17.174380497586796,10.0,0.0001238515638881,5.004892892801482e-05,2.9140667777715457e-05,0.0002030411605938,0.0,South Korea,KOR,seoul,Windows-11-10.0.26200-SP0,3.13.12,3.2.2,12,12th Gen Intel(R) Core(TM) i5-12450HX,1.0,1 x NVIDIA GeForce RTX 4060 Laptop GPU,126.978,37.5658,15.714714050292969,machine,0.0,0.1,94.0,14.771935272216798,N,1.0,0.0,,
2026-02-28T08:16:51,fashion-mnist-etl,ea9bf778-d4a4-4739-bcfb-9d2a5978a23f,5b0fa12a-3dd7-45bb-9766-cc326314d9f1,24.659339900012128,0.0001892424785752,7.67427187194046e-06,42.5,11.35146948341252,10.0,0.0002910137279163,8.003367513786941e-05,6.847183222222763e-05,0.0004395192352764,0.0,South Korea,KOR,seoul,Windows-11-10.0.26200-SP0,3.13.12,3.2.2,12,12th Gen Intel(R) Core(TM) i5-12450HX,1.0,1 x NVIDIA GeForce RTX 4060 Laptop GPU,126.978,37.5658,15.714714050292969,machine,5.45,15.958333333333334,93.7875,14.73956553141276,N,1.0,0.0,,
2026-02-28T08:28:26,fashion-mnist-etl,6e16280f-a66e-4c73-92ba-da679f751964,5b0fa12a-3dd7-45bb-9766-cc326314d9f1,11.506049799965696,9.407264331639254e-05,8.175928746342904e-06,42.5,15.89516654374485,10.0,0.000135764847499,5.077670728803607e-05,3.1943938333360064e-05,0.0002184854931204,0.0,South Korea,KOR,seoul,Windows-11-10.0.26200-SP0,3.13.12,3.2.2,12,12th Gen Intel(R) Core(TM) i5-12450HX,1.0,1 x NVIDIA GeForce RTX 4060 Laptop GPU,126.978,37.5658,15.714714050292969,machine,3.636363636363636,0.2727272727272727,96.5090909090909,15.163685191761363,N,1.0,0.0,,
2026-02-28T08:36:32,fashion-mnist-etl,069f865b-ce03-4abf-92f7-9b2b9de876e4,5b0fa12a-3dd7-45bb-9766-cc326314d9f1,13.636532100033946,0.0001091624297819,8.005145955083084e-06,42.5,14.46022173991346,10.0,0.0001609185929169,5.4751154912047184e-05,3.786205972234408e-05,0.0002535318075513,0.0,South Korea,KOR,seoul,Windows-11-10.0.26200-SP0,3.13.12,3.2.2,12,12th Gen Intel(R) Core(TM) i5-12450HX,1.0,1 x NVIDIA GeForce RTX 4060 Laptop GPU,126.978,37.5658,15.714714050292969,machine,0.0,1.5384615384615383,94.04615384615384,14.775493915264423,N,1.0,0.0,,
2026-02-28T21:13:13,fashion-mnist-etl,197916d0-218c-4686-a8e3-35c0c8ee567d,5b0fa12a-3dd7-45bb-9766-cc326314d9f1,8.847261300000355,6.036468289192222e-05,6.822979546441089e-06,42.5,12.040282486692844,10.0,0.0001043452893055,2.956252365000044e-05,2.455047000000073e-05,0.0001584582829555,0.0,Germany,DEU,schleswig-holstein,Windows-11-10.0.26200-SP0,3.13.12,3.2.2,12,12th Gen Intel(R) Core(TM) i5-12450HX,1.0,1 x NVIDIA GeForce RTX 4060 Laptop GPU,10.1203,54.3483,15.714714050292969,machine,0.0,0.625,86.65,13.618314743041992,N,1.0,0.0,,
2026-02-28T21:14:36,fashion-mnist-etl,49000163-41d1-488f-b9a0-bf957db70908,5b0fa12a-3dd7-45bb-9766-cc326314d9f1,15.000775900000008,0.000106800182462,7.119643888690709e-06,42.5,14.787387946073885,10.0,0.0001770761213194,6.161171595599896e-05,4.16643938888885e-05,0.0002803522311643,0.0,Germany,DEU,schleswig-holstein,Windows-11-10.0.26200-SP0,3.13.12,3.2.2,12,12th Gen Intel(R) Core(TM) i5-12450HX,1.0,1 x NVIDIA GeForce RTX 4060 Laptop GPU,10.1203,54.3483,15.714714050292969,machine,0.0,2.2142857142857144,93.45714285714288,14.68548366001674,N,1.0,0.0,,
2026-02-28T21:16:03,fashion-mnist-etl,dcc073a6-0d2b-4f6c-9245-79f851357233,5b0fa12a-3dd7-45bb-9766-cc326314d9f1,13.294684899999991,9.6330626259815e-05,7.245799880508266e-06,42.5,16.013773146339794,10.0,0.00015685863875,5.910365839400036e-05,3.690717722222416e-05,0.0002528694743662,0.0,Germany,DEU,schleswig-holstein,Windows-11-10.0.26200-SP0,3.13.12,3.2.2,12,12th Gen Intel(R) Core(TM) i5-12450HX,1.0,1 x NVIDIA GeForce RTX 4060 Laptop GPU,10.1203,54.3483,15.714714050292969,machine,9.746153846153849,1.0769230769230769,92.47692307692309,14.5329469534067,N,1.0,0.0,,
2026-02-28T21:47:40,fashion-mnist-etl,09076e0b-0834-4943-bebc-e65ecb85298c,5b0fa12a-3dd7-45bb-9766-cc326314d9f1,32.75595759999942,0.0002232496756737,6.815544164513941e-06,42.5,11.317963707887705,10.0,0.0003866044068055,0.000108466475662,9.096317888888986e-05,0.0005860340613564,0.0,Germany,DEU,schleswig-holstein,Windows-11-10.0.26200-SP0,3.13.12,3.2.2,12,12th Gen Intel(R) Core(TM) i5-12450HX,1.0,1 x NVIDIA GeForce RTX 4060 Laptop GPU,10.1203,54.3483,15.714714050292969,machine,4.838709677419355,0.3870967741935484,94.16774193548386,14.797631417551347,N,1.0,0.0,,
2026-02-28T21:50:43,fashion-mnist-etl,2104c608-92ee-402c-9856-cfbe79e915d3,5b0fa12a-3dd7-45bb-9766-cc326314d9f1,55.59944110000015,0.0003863142191875,6.948167311478609e-06,42.5,13.046982883877403,10.0,0.0006563088873611,0.00020335016268,0.0001544221133333,0.0010140811633744,0.0,Germany,DEU,schleswig-holstein,Windows-11-10.0.26200-SP0,3.13.12,3.2.2,12,12th Gen Intel(R) Core(TM) i5-12450HX,1.0,1 x NVIDIA GeForce RTX 4060 Laptop GPU,10.1203,54.3483,15.714714050292969,machine,5.092727272727273,3.018181818181818,94.73454545454544,14.886431537974964,N,1.0,0.0,,
2026-02-28T21:51:46,fashion-mnist-etl,305e5b94-79ba-42ec-b2fd-4aec64583ff8,5b0fa12a-3dd7-45bb-9766-cc326314d9f1,28.3431743000001,0.0001987959518936,7.013891591303645e-06,42.5,13.702993015817272,10.0,0.0003345773364583,0.00010854314239,7.872215638888823e-05,0.0005218426352372,0.0,Germany,DEU,schleswig-holstein,Windows-11-10.0.26200-SP0,3.13.12,3.2.2,12,12th Gen Intel(R) Core(TM) i5-12450HX,1.0,1 x NVIDIA GeForce RTX 4060 Laptop GPU,10.1203,54.3483,15.714714050292969,machine,1.8142857142857145,1.7142857142857142,94.66428571428573,14.877142361232211,N,1.0,0.0,,
2026-02-28T22:00:31,fashion-mnist-etl,d0849fb8-4df0-466b-b2f9-8d619004c6ac,5b0fa12a-3dd7-45bb-9766-cc326314d9f1,25.58519890000025,0.0001783316689318,6.970110712402612e-06,42.5,13.347918220602043,10.0,0.0003019592334027,9.51167427599986e-05,7.10475805555537e-05,0.0004681235567183,0.0,Germany,DEU,schleswig-holstein,Windows-11-10.0.26200-SP0,3.13.12,3.2.2,12,12th Gen Intel(R) Core(TM) i5-12450HX,1.0,1 x NVIDIA GeForce RTX 4060 Laptop GPU,10.1203,54.3483,15.714714050292969,machine,0.0,0.28,95.52,15.009344177246094,N,1.0,0.0,,
2026-02-28T22:01:14,fashion-mnist-etl,cbd644e5-a284-4bfb-9e21-489b96069741,5b0fa12a-3dd7-45bb-9766-cc326314d9f1,23.872370900000533,0.0001694299242968,7.097322884542543e-06,42.5,14.12107160393574,10.0,0.0002817963928472,9.665729954800098e-05,6.63026386111091e-05,0.0004447563310063,0.0,Germany,DEU,schleswig-holstein,Windows-11-10.0.26200-SP0,3.13.12,3.2.2,12,12th Gen Intel(R) Core(TM) i5-12450HX,1.0,1 x NVIDIA GeForce RTX 4060 Laptop GPU,10.1203,54.3483,15.714714050292969,machine,0.0,0.4782608695652174,93.56521739130434,14.702454442563264,N,1.0,0.0,,
2026-02-28T22:06:04,fashion-mnist-etl,c8db73c8-fc02-42df-ae61-459b15fd704c,5b0fa12a-3dd7-45bb-9766-cc326314d9f1,42.97978139999941,0.0002981484118199,6.936945747704188e-06,42.5,13.094171898100557,10.0,0.0005072385613194,0.0001560590137359,0.0001193468974999,0.0007826444725554,0.0,Germany,DEU,schleswig-holstein,Windows-11-10.0.26200-SP0,3.13.12,3.2.2,12,12th Gen Intel(R) Core(TM) i5-12450HX,1.0,1 x NVIDIA GeForce RTX 4060 Laptop GPU,10.1203,54.3483,15.714714050292969,machine,1.6666666666666667,2.2142857142857144,91.39285714285714,14.362740198771158,N,1.0,0.0,,
2026-02-28T23:54:28,fashion-mnist-etl,6b407c7b-6229-4a60-8662-ebc4dfc8b201,5b0fa12a-3dd7-45bb-9766-cc326314d9f1,18.799034200001188,0.0001336492716635,7.109369036818847e-06,42.5,14.303950854249768,10.0,0.0002219073183333,7.671200581400167e-05,5.221220666666744e-05,0.0003508315308139,0.0,Germany,DEU,schleswig-holstein,Windows-11-10.0.26200-SP0,3.13.12,3.2.2,12,12th Gen Intel(R) Core(TM) i5-12450HX,1.0,1 x NVIDIA GeForce RTX 4060 Laptop GPU,10.1203,54.3483,15.714714050292969,machine,3.705555555555556,0.3333333333333333,92.5,14.536414040459526,N,1.0,0.0,,
2026-02-28T23:56:09,fashion-mnist-etl,abd18a17-b033-4b32-b0d0-41182e97b900,5b0fa12a-3dd7-45bb-9766-cc326314d9f1,17.920878799999628,0.0001256506431875,7.011410801325895e-06,42.5,13.631205708188444,10.0,0.0002113108322916,6.880561060000623e-05,4.971855694444559e-05,0.0003298349998361,0.0,Germany,DEU,schleswig-holstein,Windows-11-10.0.26200-SP0,3.13.12,3.2.2,12,12th Gen Intel(R) Core(TM) i5-12450HX,1.0,1 x NVIDIA GeForce RTX 4060 Laptop GPU,10.1203,54.3483,15.714714050292969,machine,0.0,0.2352941176470588,92.32941176470588,14.508244233972889,N,1.0,0.0,,
2026-03-01T00:01:28,fashion-mnist-etl,7f107fb0-a171-450d-a89d-f7e21edbd301,5b0fa12a-3dd7-45bb-9766-cc326314d9f1,24.74845020000066,0.0001731596813085,6.996788886138817e-06,42.5,13.69268911350204,10.0,0.0002920969596527,9.37234083119992e-05,6.872663638888905e-05,0.0004545470043536,0.0,Germany,DEU,schleswig-holstein,Windows-11-10.0.26200-SP0,3.13.12,3.2.2,12,12th Gen Intel(R) Core(TM) i5-12450HX,1.0,1 x NVIDIA GeForce RTX 4060 Laptop GPU,10.1203,54.3483,15.714714050292969,machine,0.0,0.1666666666666666,96.08333333333331,15.098790168762209,N,1.0,0.0,,
2026-03-01T00:16:28,fashion-mnist-etl,3097ed07-a30c-47cf-b334-86abdd965a8d,5b0fa12a-3dd7-45bb-9766-cc326314d9f1,26.78537349999897,0.0001871545826951,6.987193316351252e-06,42.5,13.38400874119921,10.0,0.0003159521801388,0.0001009917474599,7.433992249999494e-05,0.0004912838500988,0.0,Germany,DEU,schleswig-holstein,Windows-11-10.0.26200-SP0,3.13.12,3.2.2,12,12th Gen Intel(R) Core(TM) i5-12450HX,1.0,1 x NVIDIA GeForce RTX 4060 Laptop GPU,10.1203,54.3483,15.714714050292969,machine,0.0,1.2692307692307692,95.80384615384617,15.054548703707182,N,1.0,0.0,,
2026-03-01T00:19:46,fashion-mnist-etl,6001badd-2543-4172-9495-43b87a4e0bff,5b0fa12a-3dd7-45bb-9766-cc326314d9f1,18.361364100001083,0.0001295532046893,7.0557505413983125e-06,42.5,13.846100310397633,10.0,0.0002167399027083,7.23433912079921e-05,5.099599388888439e-05,0.0003400792878052,0.0,Germany,DEU,schleswig-holstein,Windows-11-10.0.26200-SP0,3.13.12,3.2.2,12,12th Gen Intel(R) Core(TM) i5-12450HX,1.0,1 x NVIDIA GeForce RTX 4060 Laptop GPU,10.1203,54.3483,15.714714050292969,machine,0.0,0.2777777777777778,94.21666666666668,14.807882732815212,N,1.0,0.0,,
2026-03-01T00:27:09,fashion-mnist-etl,c4221ed3-30d1-4073-b8b3-55fbda8ade26,5b0fa12a-3dd7-45bb-9766-cc326314d9f1,26.1394779000002,0.0001835156296747,7.020631030840313e-06,42.5,13.817630505578723,10.0,0.0003084923298611,0.000100654802746,7.258440611110725e-05,0.0004817315387182,0.0,Germany,DEU,schleswig-holstein,Windows-11-10.0.26200-SP0,3.13.12,3.2.2,12,12th Gen Intel(R) Core(TM) i5-12450HX,1.0,1 x NVIDIA GeForce RTX 4060 Laptop GPU,10.1203,54.3483,15.714714050292969,machine,2.084,4.6,94.5,14.849141845703125,N,1.0,0.0,,
2026-03-01T00:29:09,fashion-mnist-etl,629f4b3a-0332-4eed-913d-19abd352dd6f,5b0fa12a-3dd7-45bb-9766-cc326314d9f1,28.345470700001897,0.000201635979956,7.11351672689078e-06,42.5,14.687904818408596,10.0,0.0003343781141667,0.00011624453744,7.867510388889262e-05,0.0005292977554956,0.0,Germany,DEU,schleswig-holstein,Windows-11-10.0.26200-SP0,3.13.12,3.2.2,12,12th Gen Intel(R) Core(TM) i5-12450HX,1.0,1 x NVIDIA GeForce RTX 4060 Laptop GPU,10.1203,54.3483,15.714714050292969,machine,10.714285714285714,1.2142857142857142,94.40714285714286,14.834398814610072,N,1.0,0.0,,
2026-03-01T00:32:38,fashion-mnist-etl,3bee5684-5a02-483c-b77d-c9a9e16994ee,5b0fa12a-3dd7-45bb-9766-cc326314d9f1,30.62211160000152,0.0002368292726144,7.733930164842667e-06,42.5,23.001879370624184,10.0,0.0003613839186805,0.0001752684735479,8.50283338888807e-05,0.0006216807261174,0.0,Germany,DEU,schleswig-holstein,Windows-11-10.0.26200-SP0,3.13.12,3.2.2,12,12th Gen Intel(R) Core(TM) i5-12450HX,1.0,1 x NVIDIA GeForce RTX 4060 Laptop GPU,10.1203,54.3483,15.714714050292969,machine,3.333333333333333,2.2666666666666666,93.49666666666668,14.693869400024417,N,1.0,0.0,,
2026-03-01T00:34:08,fashion-mnist-etl,52fcf720-0101-4ec6-92d5-488dd5851ff3,5b0fa12a-3dd7-45bb-9766-cc326314d9f1,9.95141049999802,7.059018802811525e-05,7.093485695131289e-06,42.5,14.601009999767976,10.0,0.0001173647416666,4.032114336799397e-05,2.7614516666663903e-05,0.0001853004017013,0.0,Germany,DEU,schleswig-holstein,Windows-11-10.0.26200-SP0,3.13.12,3.2.2,12,12th Gen Intel(R) Core(TM) i5-12450HX,1.0,1 x NVIDIA GeForce RTX 4060 Laptop GPU,10.1203,54.3483,15.714714050292969,machine,0.0,1.0,85.83333333333333,13.490556928846573,N,1.0,0.0,,
2026-03-01T00:34:37,fashion-mnist-etl,a06c17e9-9e67-417c-9d19-3f56ea238a80,5b0fa12a-3dd7-45bb-9766-cc326314d9f1,14.943227199997636,0.0001034719146393,6.9243352359256e-06,42.5,12.940896564120948,10.0,0.0001763985497222,5.37119874139888e-05,4.1504936388891015e-05,0.000271615473525,0.0,Germany,DEU,schleswig-holstein,Windows-11-10.0.26200-SP0,3.13.12,3.2.2,12,12th Gen Intel(R) Core(TM) i5-12450HX,1.0,1 x NVIDIA GeForce RTX 4060 Laptop GPU,10.1203,54.3483,15.714714050292969,machine,0.0,0.6428571428571429,85.39285714285714,13.420174734933036,N,1.0,0.0,,
2026-03-01T00:36:14,fashion-mnist-etl,5f244905-8a09-4af6-8f2f-579f9db9d832,5b0fa12a-3dd7-45bb-9766-cc326314d9f1,39.65991199999917,0.0003423287153336,8.631605519791007e-06,42.5,28.884126813695275,10.0,0.0004681354895138,0.000320336645158,0.0001101463594444,0.0008986184941163,0.0,Germany,DEU,schleswig-holstein,Windows-11-10.0.26200-SP0,3.13.12,3.2.2,12,12th Gen Intel(R) Core(TM) i5-12450HX,1.0,1 x NVIDIA GeForce RTX 4060 Laptop GPU,10.1203,54.3483,15.714714050292969,machine,8.607692307692307,1.4615384615384617,91.13076923076925,14.32166055532602,N,1.0,0.0,,
2026-03-01T00:38:56,fashion-mnist-etl,5a007a2a-6dc9-430f-a16c-69710eaab5b9,5b0fa12a-3dd7-45bb-9766-cc326314d9f1,24.405518399998986,0.0001955760782402,8.013600655180936e-06,42.5,21.92215392841289,10.0,0.0002880179418749,0.000157605959418,6.776651277778001e-05,0.0005133904140707,0.0,Germany,DEU,schleswig-holstein,Windows-11-10.0.26200-SP0,3.13.12,3.2.2,12,12th Gen Intel(R) Core(TM) i5-12450HX,1.0,1 x NVIDIA GeForce RTX 4060 Laptop GPU,10.1203,54.3483,15.714714050292969,machine,6.25,0.7916666666666666,93.59583333333336,14.708526611328123,N,1.0,0.0,,
2026-03-01T00:48:04,fashion-mnist-etl,862f7c09-1823-4ffe-a37d-c460a58b07ca,5b0fa12a-3dd7-45bb-9766-cc326314d9f1,15.874161899999308,0.0001096079757432,6.904803947050862e-06,42.5,14.147638481914422,10.0,0.0001873737615277,5.6262267231994845e-05,4.408670583333232e-05,0.000287722734593,0.0,Germany,DEU,schleswig-holstein,Windows-11-10.0.26200-SP0,3.13.12,3.2.2,12,12th Gen Intel(R) Core(TM) i5-12450HX,1.0,1 x NVIDIA GeForce RTX 4060 Laptop GPU,10.1203,54.3483,15.714714050292969,machine,0.0,0.2,94.37333333333332,14.828091176350911,N,1.0,0.0,,
2026-03-01T00:59:26,fashion-mnist-etl,4ba00a04-bcfd-4ed3-8a6f-eee5caebbd50,5b0fa12a-3dd7-45bb-9766-cc326314d9f1,21.79824609999924,0.0001661246716721,7.621010924920432e-06,42.5,18.33182641737855,10.0,0.0002572103175694,0.00011835148357,6.051818749999964e-05,0.0004360799886394,0.0,Germany,DEU,schleswig-holstein,Windows-11-10.0.26200-SP0,3.13.12,3.2.2,12,12th Gen Intel(R) Core(TM) i5-12450HX,1.0,1 x NVIDIA GeForce RTX 4060 Laptop GPU,10.1203,54.3483,15.714714050292969,machine,2.857142857142857,1.761904761904762,95.05714285714286,14.93645513625372,N,1.0,0.0,,
2026-03-01T01:00:06,fashion-mnist-etl,7dcbe6ce-bfcd-4673-9ad9-bad5b79497c2,5b0fa12a-3dd7-45bb-9766-cc326314d9f1,25.720920799998567,0.0001973558587373,7.672970196982154e-06,42.5,19.81267393215789,10.0,0.0003035864415277,0.000143045669992,7.143025555555546e-05,0.0005180623670752,0.0,Germany,DEU,schleswig-holstein,Windows-11-10.0.26200-SP0,3.13.12,3.2.2,12,12th Gen Intel(R) Core(TM) i5-12450HX,1.0,1 x NVIDIA GeForce RTX 4060 Laptop GPU,10.1203,54.3483,15.714714050292969,machine,4.0,0.4,94.404,14.836897735595704,N,1.0,0.0,,
2026-03-01T01:01:57,fashion-mnist-etl,f2540b6a-31b7-4068-a171-a8f45f1d214a,5b0fa12a-3dd7-45bb-9766-cc326314d9f1,32.2056620000003,0.0002284248357528,7.092691830176308e-06,42.5,14.573041332605202,10.0,0.0003799190033333,0.0001303092709139,8.939066722222277e-05,0.0005996189414695,0.0,Germany,DEU,schleswig-holstein,Windows-11-10.0.26200-SP0,3.13.12,3.2.2,12,12th Gen Intel(R) Core(TM) i5-12450HX,1.0,1 x NVIDIA GeForce RTX 4060 Laptop GPU,10.1203,54.3483,15.714714050292969,machine,2.480645161290323,1.7741935483870968,94.0741935483871,14.784823633009388,N,1.0,0.0,,
2026-03-01T01:06:46,fashion-mnist-etl,7964cd41-7958-4765-a7a3-237b78700f6a,5b0fa12a-3dd7-45bb-9766-cc326314d9f1,25.19609270000001,0.0001742930397942842,6.917463031650306e-06,42.5,12.57024317252883,10.0,0.00029741983909727126,9.012257209799895e-05,6.997967777778184e-05,0.00045752208897305204,0.0,Germany,DEU,schleswig-holstein,Windows-11-10.0.26200-SP0,3.13.12,3.2.2,12,12th Gen Intel(R) Core(TM) i5-12450HX,1.0,1 x NVIDIA GeForce RTX 4060 Laptop GPU,10.1203,54.3483,15.714714050292969,machine,0.0,1.75,90.47916666666667,14.21981922785441,N,1.0,0.0,,
